longitude,latitude,no,no2,o3,co,so2,pm2_5,pm10,ch4,time,year,month,hour,avg_temp
74.4,32,51.17183,163.56061,13.090831,6757.8496,30.696468,300.5095,429.87772,1297.5493,2022-01-01 03:00:00,2022,1,3,12.6
74.4,32,16.878529,71.40587,15.471624,3470.456,13.425557,220.3098,315.45953,1297.5469,2022-01-02 03:00:00,2022,1,3,13.05
74.4,32,13.042784,46.990856,12.22609,2054.8953,7.728518,124.96163,180.33046,1296.68,2022-01-03 03:00:00,2022,1,3,13.85
74.4,32,4.6230865,39.87214,9.128215,1697.9344,6.3224845,114.664764,165.90135,1295.0133,2022-01-04 03:00:00,2022,1,3,14.85
74.4,32,1.2655135,21.669878,28.893473,729.2006,2.655392,54.9566,80.50251,1288.4025,2022-01-05 03:00:00,2022,1,3,14
74.4,32,0.68240523,15.385832,38.909916,761.18964,5.128136,58.368427,83.56903,1287.3643,2022-01-06 03:00:00,2022,1,3,12.95
74.4,32,0.7657562,19.467781,42.81569,781.3723,2.4218075,63.334385,91.30667,1285.7084,2022-01-07 03:00:00,2022,1,3,12.95
74.4,32,1.7706327,19.782509,37.779503,733.599,3.545548,24.847351,35.58117,1284.185,2022-01-08 03:00:00,2022,1,3,13.1
74.4,32,13.799209,53.14869,14.336464,2024.53,5.474074,78.070404,112.0733,1292.8694,2022-01-09 03:00:00,2022,1,3,11.35
74.4,32,7.9692397,37.78748,16.920656,1573.6469,4.364643,79.21644,113.54436,1292.8322,2022-01-10 03:00:00,2022,1,3,12
74.4,32,7.5199666,42.035866,19.650766,1843.331,4.655849,94.57908,135.24118,1291.9818,2022-01-11 03:00:00,2022,1,3,11.1
74.4,32,11.288515,54.999695,20.468607,2738.5173,8.917992,150.89497,216.62898,1297.4432,2022-01-12 03:00:00,2022,1,3,11.8
74.4,32,23.789482,108.99075,19.998165,5844.222,11.882555,240.6766,343.98294,1296.6401,2022-01-13 03:00:00,2022,1,3,13.1
74.4,32,1.0219367,29.440912,84.17768,2462.457,28.978247,161.68503,232.45647,1293.5045,2022-01-14 03:00:00,2022,1,3,10.95
74.4,32,1.8182269,36.178886,47.350918,3005.9697,15.478553,173.45029,247.98997,1296.3464,2022-01-15 03:00:00,2022,1,3,12
74.4,32,1.6069251,30.595478,68.60012,3105.7686,28.57941,216.58511,309.72342,1295.276,2022-01-16 03:00:00,2022,1,3,11.1
74.4,32,1.4008805,43.870018,31.705982,3365.483,30.767773,232.73076,332.87784,1295.6599,2022-01-17 03:00:00,2022,1,3,10.25
74.4,32,1.3483771,31.910797,73.54031,2930.4666,20.876448,236.43712,339.38464,1295.3386,2022-01-18 03:00:00,2022,1,3,11
74.4,32,5.1326623,56.784744,25.504461,4042.4832,8.698091,242.54417,348.02057,1296.3009,2022-01-19 03:00:00,2022,1,3,12
74.4,32,33.56974,110.26,17.424585,5725.3906,9.752615,281.72415,405.87042,1296.5333,2022-01-20 03:00:00,2022,1,3,11.25
74.4,32,16.65121,72.28901,17.52932,3922.286,9.481603,197.24551,285.59412,1294.9062,2022-01-21 03:00:00,2022,1,3,11.15
74.4,32,0.1905164,12.707757,81.418,736.214,6.743069,59.865334,86.75001,1284.859,2022-01-22 03:00:00,2022,1,3,11.2
74.4,32,0.24107009,10.835846,60.976128,534.5916,4.1272287,35.4698,51.07908,1285.8373,2022-01-23 03:00:00,2022,1,3,11.25
74.4,32,2.9035647,20.897118,21.736452,910.6669,9.513913,72.85248,106.1689,1292.2263,2022-01-24 03:00:00,2022,1,3,11.75
74.4,32,16.294792,45.408543,11.583167,2622.224,5.1286235,154.88533,223.2405,1296.7573,2022-01-25 03:00:00,2022,1,3,10.75
74.4,32,64.07249,126.58183,8.48715,5798.574,9.821274,198.9305,285.73834,1295.4125,2022-01-26 03:00:00,2022,1,3,10.8
74.4,32,26.648691,95.48022,14.810857,4153.471,15.275998,196.26314,281.0705,1296.6172,2022-01-27 03:00:00,2022,1,3,11.5
74.4,32,6.832826,35.85924,32.842083,1802.602,8.890208,106.720634,153.64445,1296.4495,2022-01-28 03:00:00,2022,1,3,13
74.4,32,34.789715,126.525635,21.344496,5424.7993,14.76993,240.35513,343.9588,1297.5277,2022-01-29 03:00:00,2022,1,3,13.25
74.4,32,3.1206114,28.26533,49.595787,1534.1862,8.540789,111.57623,160.21155,1295.8535,2022-01-30 03:00:00,2022,1,3,13.9
74.4,32,20.732794,77.332756,21.05537,3617.4104,12.50626,198.92793,284.53134,1297.6368,2022-01-31 03:00:00,2022,1,3,15.25
74.4,32,7.5231695,39.273724,26.763433,2188.775,8.255435,167.93701,243.6106,1297.0109,2022-02-01 03:00:00,2022,2,3,14.75
74.4,32,6.2461667,49.523746,31.423403,1727.8196,10.452707,104.050415,150.87082,1296.643,2022-02-02 03:00:00,2022,2,3,14.65
74.4,32,0.729338,20.391176,51.915234,867.1398,3.8002312,73.973015,108.35594,1290.8992,2022-02-03 03:00:00,2022,2,3,15.35
74.4,32,8.413221,41.61369,29.337507,1610.0114,4.1153913,100.87,145.0755,1295.7465,2022-02-04 03:00:00,2022,2,3,10.75
74.4,32,9.429065,28.092163,16.74061,1366.3317,6.1595798,90.75322,129.93025,1296.239,2022-02-05 03:00:00,2022,2,3,11.35
74.4,32,23.14635,73.19211,15.67403,4021.2039,9.098412,214.73633,307.53375,1297.106,2022-02-06 03:00:00,2022,2,3,10.5
74.4,32,6.252921,42.785408,29.121609,2134.21,5.899637,151.19936,218.40596,1296.438,2022-02-07 03:00:00,2022,2,3,12
74.4,32,9.674069,37.03749,20.478796,1722.0472,6.2247195,124.369446,182.84369,1296.5491,2022-02-08 03:00:00,2022,2,3,15
74.4,32,45.761955,91.696365,16.501904,3721.2483,9.409741,164.14241,236.78604,1296.6133,2022-02-09 03:00:00,2022,2,3,16.25
74.4,32,24.521954,86.52876,23.427942,3580.3914,16.37219,210.60439,305.14835,1297.5309,2022-02-10 03:00:00,2022,2,3,15
74.4,32,5.552411,27.121433,36.546974,1304.787,8.017461,85.97378,124.2571,1296.0653,2022-02-11 03:00:00,2022,2,3,15.05
74.4,32,8.385507,41.744232,37.729744,1825.9312,14.799908,117.65235,169.87923,1297.0267,2022-02-12 03:00:00,2022,2,3,15.8
74.4,32,5.184957,37.03314,45.176273,2225.992,7.955348,142.0185,203.38795,1296.5752,2022-02-13 03:00:00,2022,2,3,17
74.4,32,3.805593,32.080833,44.920975,1771.5496,12.734726,137.47691,197.49547,1296.3645,2022-02-14 03:00:00,2022,2,3,16.7
74.4,32,5.195123,42.953682,48.75821,2266.0334,15.561242,167.91338,241.29259,1296.3883,2022-02-15 03:00:00,2022,2,3,16.25
74.4,32,19.380518,63.92643,21.32337,3222.1208,11.321359,239.5307,343.90692,1297.3054,2022-02-16 03:00:00,2022,2,3,16.7
74.4,32,18.458157,71.89054,22.29511,2997.5088,11.498459,204.0534,293.4415,1297.3712,2022-02-17 03:00:00,2022,2,3,17.45
74.4,32,2.25709,22.249979,47.187046,809.7138,4.7688985,76.40354,112.75371,1290.6554,2022-02-18 03:00:00,2022,2,3,17.9
74.4,32,19.133669,67.92919,26.172153,2656.7573,11.699281,196.51732,284.44934,1297.4176,2022-02-19 03:00:00,2022,2,3,16.5
74.4,32,3.3082728,19.268585,48.74112,899.8317,6.9039216,72.74218,104.864815,1293.3597,2022-02-20 03:00:00,2022,2,3,17.45
74.4,32,9.100187,40.055824,33.540672,2094.2593,7.718305,141.72351,203.74742,1297.0316,2022-02-21 03:00:00,2022,2,3,17.85
74.4,32,1.1560502,17.292559,61.296616,712.2697,6.188615,72.79162,105.92992,1292.8931,2022-02-22 03:00:00,2022,2,3,18.8
74.4,32,2.2952492,13.665538,46.121384,527.00226,7.6407104,60.537323,90.450005,1288.2223,2022-02-23 03:00:00,2022,2,3,18
74.4,32,1.4405714,11.285455,57.8361,492.71124,4.376446,66.05023,99.78993,1289.2617,2022-02-24 03:00:00,2022,2,3,17.65
74.4,32,5.6887183,22.782015,27.659185,861.916,4.1267066,84.76949,123.86546,1294.8069,2022-02-25 03:00:00,2022,2,3,18.4
74.4,32,1.2940284,11.148262,57.181908,398.4807,3.1806352,49.98629,74.12481,1287.4473,2022-02-26 03:00:00,2022,2,3,17.7
74.4,32,6.6681786,21.154713,26.648005,935.51196,2.492729,76.63106,111.05172,1294.9491,2022-02-27 03:00:00,2022,2,3,14.6
74.4,32,4.402837,20.004244,41.890762,865.1192,6.201044,59.751854,86.16972,1294.0292,2022-02-28 03:00:00,2022,2,3,16.35
74.4,32,3.519331,21.465252,51.325447,730.49023,2.6021922,79.53705,136.7391,1289.9602,2022-03-01 03:00:00,2022,3,3,17.75
74.4,32,9.199658,30.588955,29.703638,1242.0916,3.2863383,95.84538,141.97859,1294.0175,2022-03-02 03:00:00,2022,3,3,19.35
74.4,32,0.2683663,10.3365345,82.11915,424.22366,2.9696467,63.606018,98.879684,1281.8302,2022-03-03 03:00:00,2022,3,3,20.1
74.4,32,5.668559,27.422249,41.77126,1159.2302,4.4245973,116.0685,169.79218,1291.3402,2022-03-04 03:00:00,2022,3,3,15.1
74.4,32,4.3889103,18.759945,46.72004,779.09174,6.0206246,65.13072,94.65102,1290.1726,2022-03-05 03:00:00,2022,3,3,18.25
74.4,32,9.537205,44.061996,25.484756,1535.1252,10.198755,118.22741,171.13275,1293.4595,2022-03-06 03:00:00,2022,3,3,19.85
74.4,32,8.562584,36.575954,31.043428,1513.4249,5.3278093,126.11483,183.78957,1294.0802,2022-03-07 03:00:00,2022,3,3,21
74.4,32,6.474633,20.2388,30.262949,918.6945,3.0372818,68.019936,99.767105,1293.9288,2022-03-08 03:00:00,2022,3,3,21.1
74.4,32,29.831694,81.98807,33.0395,2899.358,11.95581,166.76118,240.86064,1293.8992,2022-03-09 03:00:00,2022,3,3,22
74.4,32,4.9222307,17.496868,36.810802,802.9603,6.3216143,63.39099,93.30847,1291.7468,2022-03-10 03:00:00,2022,3,3,22.75
74.4,32,15.194275,41.947582,30.738522,1422.9712,9.662788,112.597145,173.04126,1293.5428,2022-03-11 03:00:00,2022,3,3,21.9
74.4,32,9.614602,34.47369,38.420803,1252.7067,8.008373,84.53636,125.482346,1291.896,2022-03-12 03:00:00,2022,3,3,23.55
74.4,32,23.257902,61.6347,34.46124,1802.9564,12.334892,119.45977,178.69212,1291.5894,2022-03-13 03:00:00,2022,3,3,24.25
74.4,32,17.900116,70.49692,41.71547,2525.2288,8.100568,143.55641,208.94412,1293.3604,2022-03-14 03:00:00,2022,3,3,25.5
74.4,32,8.882618,52.33148,54.48367,2281.7798,6.262182,139.89963,203.30885,1293.7351,2022-03-15 03:00:00,2022,3,3,26.9
74.4,32,3.802181,22.94258,61.392677,1025.2637,6.4906487,67.75609,98.728165,1290.6761,2022-03-16 03:00:00,2022,3,3,27
74.4,32,4.1115613,21.103416,55.51314,901.0672,5.6643815,64.865685,96.0938,1289.5275,2022-03-17 03:00:00,2022,3,3,28.2
74.4,32,2.627678,15.823229,55.617718,822.6157,15.21896,106.152176,155.17839,1291.1525,2022-03-18 03:00:00,2022,3,3,29.25
74.4,32,2.5852714,18.329218,59.63982,899.1951,14.895862,124.68623,181.14154,1291.6427,2022-03-19 03:00:00,2022,3,3,27.4
74.4,32,7.4488015,34.592052,39.52721,1370.1399,7.7027884,136.22745,196.02634,1294.1775,2022-03-20 03:00:00,2022,3,3,28.1
74.4,32,5.1779237,26.05495,49.248775,1021.0529,3.5986779,95.95773,141.0228,1291.671,2022-03-21 03:00:00,2022,3,3,28.45
74.4,32,4.5464554,24.038618,55.393497,989.9076,7.293763,96.74536,143.37195,1291.3162,2022-03-22 03:00:00,2022,3,3,28.25
74.4,32,8.006319,37.477276,48.938877,1319.2512,8.306126,99.53096,145.24509,1292.115,2022-03-23 03:00:00,2022,3,3,26.95
74.4,32,2.2575777,14.657001,62.452946,432.0638,1.8927225,52.789444,78.82867,1285.4742,2022-03-24 03:00:00,2022,3,3,27.75
74.4,32,4.6324873,22.208254,53.62671,849.72095,2.8364034,76.77915,113.24585,1290.6605,2022-03-25 03:00:00,2022,3,3,27.8
74.4,32,3.5326483,16.985703,63.423534,608.6981,6.1434226,52.370426,76.45891,1289.2649,2022-03-26 03:00:00,2022,3,3,26.95
74.4,32,10.581459,52.311752,58.384758,1672.736,5.511467,121.47343,177.64067,1291.9442,2022-03-27 03:00:00,2022,3,3,27.6
74.4,32,2.753714,16.695135,65.27303,636.78644,3.93525,71.44922,106.87079,1288.4288,2022-03-28 03:00:00,2022,3,3,28.55
74.4,32,8.656659,38.40953,50.54383,1240.2172,5.1266737,102.713165,161.41669,1290.9081,2022-03-29 03:00:00,2022,3,3,28.45
74.4,32,12.55072,67.28646,62.25501,2180.704,7.2065825,141.03214,211.87708,1292.2979,2022-03-30 03:00:00,2022,3,3,28.85
74.4,32,5.4817333,30.900896,58.363213,1157.3268,3.732861,99.44742,150.80237,1291.5924,2022-03-31 03:00:00,2022,3,3,29.5
74.4,32,4.333134,18.833925,57.78934,575.3172,5.728165,44.257114,65.11358,1287.1537,2022-04-01 03:00:00,2022,4,3,28.2
74.4,32,8.799093,47.23789,66.18045,1526.888,7.6726723,95.95161,139.09787,1288.3851,2022-04-02 03:00:00,2022,4,3,28.5
74.4,32,3.7107525,16.508713,55.947296,564.4119,6.5633807,57.682602,84.56017,1287.4517,2022-04-03 03:00:00,2022,4,3,28.9
74.4,32,7.8478,38.779602,62.312992,1288.2556,3.7907495,98.09569,146.99901,1289.2445,2022-04-04 03:00:00,2022,4,3,29.65
74.4,32,14.000101,66.16556,64.13612,1897.6782,6.6366,133.89627,194.30862,1289.7821,2022-04-05 03:00:00,2022,4,3,29.6
74.4,32,8.890174,43.554283,58.636982,1532.4062,6.761313,117.683014,171.66336,1289.0914,2022-04-06 03:00:00,2022,4,3,30.25
74.4,32,7.544721,37.24274,58.876637,1343.7169,4.8993216,121.52788,176.3416,1290.2976,2022-04-07 03:00:00,2022,4,3,30.9
74.4,32,3.9756372,22.950329,69.50865,888.89844,5.4786773,83.38491,122.435196,1288.5212,2022-04-08 03:00:00,2022,4,3,30.6
74.4,32,3.67329,24.096596,73.125755,1036.8834,4.5015073,101.25139,149.05151,1288.2839,2022-04-09 03:00:00,2022,4,3,31.9
74.4,32,4.722662,24.923273,66.4585,775.4819,3.2972708,72.3908,110.2026,1287.4902,2022-04-10 03:00:00,2022,4,3,32.4
74.4,32,8.4144745,56.603634,78.14371,1632.0587,6.038903,118.17861,177.24265,1287.6943,2022-04-11 03:00:00,2022,4,3,32.35
74.4,32,3.102089,24.302084,48.1553,684.03357,3.5678654,65.13234,96.60407,1287.0829,2022-04-12 03:00:00,2022,4,3,33.6
74.4,32,1.5508878,9.961692,83.8499,338.42346,4.596417,42.3038,67.99263,1279.0718,2022-04-13 03:00:00,2022,4,3,33.1
74.4,32,1.3304813,8.7342825,86.41083,285.14984,2.2708428,37.520313,64.87989,1275.3912,2022-04-14 03:00:00,2022,4,3,31.6
74.4,32,1.4788,15.141837,61.920155,394.70218,1.9731609,38.133503,62.169067,1281.5115,2022-04-15 03:00:00,2022,4,3,30.55
74.4,32,2.6445642,14.131094,75.76897,481.04236,2.44886,50.461708,78.908325,1284.801,2022-04-16 03:00:00,2022,4,3,29.6
74.4,32,4.1348186,20.282734,69.23426,598.6546,2.2989397,54.411793,79.61385,1286.9109,2022-04-17 03:00:00,2022,4,3,30.4
74.4,32,8.431952,60.472477,90.451546,1796.9258,6.540297,125.91296,183.22873,1287.3773,2022-04-18 03:00:00,2022,4,3,31.5
74.4,32,11.622997,71.500145,81.56206,1705.6335,7.2251744,112.73557,167.22131,1287.9071,2022-04-19 03:00:00,2022,4,3,34.25
74.4,32,3.6585276,17.055305,60.26503,587.3463,4.0150843,61.072414,91.05319,1287.936,2022-04-20 03:00:00,2022,4,3,32.75
74.4,32,2.005018,11.521832,66.574776,423.51892,2.6836631,47.502472,77.695595,1282.4248,2022-04-21 03:00:00,2022,4,3,32.3
74.4,32,0.7536052,4.1863065,71.482475,230.95998,1.5244098,30.220804,52.4246,1278.7255,2022-04-22 03:00:00,2022,4,3,29.25
74.4,32,1.2012073,5.7272263,61.29765,290.23856,2.2441385,34.44134,52.062366,1286.4783,2022-04-23 03:00:00,2022,4,3,29.85
74.4,32,1.1571643,6.113345,71.271194,312.4769,2.5960646,41.53397,62.604416,1285.8945,2022-04-24 03:00:00,2022,4,3,30
74.4,32,2.251763,11.970669,71.12796,384.97162,2.1861715,39.872242,60.93043,1285.435,2022-04-25 03:00:00,2022,4,3,31.6
74.4,32,1.2418731,6.4171867,69.108406,356.27832,2.7263134,61.826717,94.4343,1285.8386,2022-04-26 03:00:00,2022,4,3,31.85
74.4,32,1.6749219,9.4031515,73.17301,442.45132,9.077278,92.92993,135.87663,1288.0104,2022-04-27 03:00:00,2022,4,3,32
74.4,32,1.0594342,7.744114,79.75392,568.955,7.2268457,98.390236,144.30281,1287.5856,2022-04-28 03:00:00,2022,4,3,33.55
74.4,32,1.1922594,6.347304,64.392944,314.7222,2.830067,57.2139,85.08326,1285.2181,2022-04-29 03:00:00,2022,4,3,34.55
74.4,32,1.3857701,9.049755,78.38096,469.24347,6.630298,88.12167,132.88115,1285.8611,2022-04-30 03:00:00,2022,4,3,34.5
74.4,32,1.1490172,5.758165,64.64712,293.31726,2.562571,51.297585,75.97872,1281.2357,2022-05-01 03:00:00,2022,5,3,34.6
74.4,32,0.5544891,4.782556,102.215515,468.3893,13.225501,75.90561,116.75397,1277.8912,2022-05-02 03:00:00,2022,5,3,34.3
74.4,32,1.1012489,8.737302,80.718445,706.2421,10.688209,107.50626,166.05315,1282.0182,2022-05-03 03:00:00,2022,5,3,34.6
74.4,32,0.46090207,4.316143,88.61401,450.44684,8.71522,80.36937,124.53868,1278.826,2022-05-04 03:00:00,2022,5,3,32
74.4,32,1.0325557,6.0973806,75.79774,381.25278,7.4187546,76.1581,120.587135,1280.0812,2022-05-05 03:00:00,2022,5,3,30.6
74.4,32,1.1208854,7.3150344,81.413315,419.25012,5.2119746,82.484375,129.80685,1280.8113,2022-05-06 03:00:00,2022,5,3,31.25
74.4,32,1.2737129,7.9645257,84.06378,433.97662,5.2657313,71.47791,107.05713,1280.5844,2022-05-07 03:00:00,2022,5,3,30.8
74.4,32,1.1847739,9.336428,100.18414,594.4956,13.85589,103.60788,153.85564,1281.5723,2022-05-08 03:00:00,2022,5,3,32.7
74.4,32,0.6533508,4.811681,87.2099,352.94394,8.840699,68.37466,102.13197,1280.4144,2022-05-09 03:00:00,2022,5,3,33.9
74.4,32,0.6338361,5.3579054,88.74417,437.36224,9.696196,90.07227,132.93588,1281.392,2022-05-10 03:00:00,2022,5,3,33.75
74.4,32,0.8095032,6.3154836,94.40262,470.17764,8.040405,77.74329,118.35943,1280.0767,2022-05-11 03:00:00,2022,5,3,34.4
74.4,32,0.8648442,6.28133,83.00638,460.07355,6.5924177,87.34011,132.01227,1281.4724,2022-05-12 03:00:00,2022,5,3,35.5
74.4,32,1.0332521,6.0463676,73.93393,336.37204,3.5190873,59.368805,87.87151,1280.928,2022-05-13 03:00:00,2022,5,3,36
74.4,32,1.017689,7.339857,98.50297,448.2065,7.14339,55.166336,81.6438,1280.1224,2022-05-14 03:00:00,2022,5,3,36.25
74.4,32,1.2206001,7.6914062,76.919205,454.92212,7.820364,68.58159,101.74662,1282.3163,2022-05-15 03:00:00,2022,5,3,36.15
74.4,32,2.9341161,20.83701,79.5614,659.2088,6.7604775,80.267044,124.214745,1283.2102,2022-05-16 03:00:00,2022,5,3,37.5
74.4,32,0.80325365,5.6336627,83.25467,373.84842,6.510703,67.34463,106.42834,1280.3451,2022-05-17 03:00:00,2022,5,3,35.85
74.4,32,1.1391641,6.2577205,68.38108,326.78302,2.3046496,61.33044,92.89485,1281.5228,2022-05-18 03:00:00,2022,5,3,34.55
74.4,32,1.4982277,10.388141,87.939186,491.32285,5.0344796,72.98794,115.6429,1280.7865,2022-05-19 03:00:00,2022,5,3,34.6
74.4,32,0.7154462,4.6373553,85.882225,240.06406,2.4817855,39.22761,61.52733,1278.226,2022-05-20 03:00:00,2022,5,3,35.4
74.4,32,0.74047935,4.6461277,78.45788,292.23032,4.182587,57.298782,91.79548,1279.5015,2022-05-21 03:00:00,2022,5,3,34.6
74.4,32,1.2389485,8.52591,91.4637,433.3999,3.8478603,68.07532,105.97252,1281.2505,2022-05-22 03:00:00,2022,5,3,33.85
74.4,32,0.17042723,2.0896854,152.83871,278.0456,11.498632,67.802605,111.64902,1273.3651,2022-05-23 03:00:00,2022,5,3,32.75
74.4,32,0.1387093,1.4539287,134.50842,262.95425,3.7255497,64.034294,95.45541,1273.0082,2022-05-24 03:00:00,2022,5,3,27.9
74.4,32,0.5266358,4.5834637,130.25403,337.0802,5.24888,68.11787,108.59435,1273.9996,2022-05-25 03:00:00,2022,5,3,27
74.4,32,1.3695804,14.313243,138.27585,818.67786,7.021393,81.19141,119.37635,1278.3158,2022-05-26 03:00:00,2022,5,3,30.65
74.4,32,0.6829275,6.9618936,118.53896,506.5215,4.529047,77.122345,114.15916,1279.3657,2022-05-27 03:00:00,2022,5,3,33.2
74.4,32,0.83082837,7.7240667,112.35423,518.5285,6.6408477,91.52936,135.14743,1279.841,2022-05-28 03:00:00,2022,5,3,35.35
74.4,32,1.3211156,9.394902,101.848564,388.00897,2.2526336,67.42721,104.7843,1278.2365,2022-05-29 03:00:00,2022,5,3,33.1
74.4,32,1.5394331,9.765423,90.77172,338.48065,1.7378355,46.04982,70.03372,1279.4012,2022-05-30 03:00:00,2022,5,3,34.2
74.4,32,1.2254919,8.333287,88.08633,403.0006,2.7732112,57.675743,84.843445,1281.3732,2022-05-31 03:00:00,2022,5,3,31.55
74.4,32,1.1089782,8.629139,95.09847,442.175,2.672069,60.768326,90.73372,1276.8163,2022-06-01 03:00:00,2022,6,3,34.25
74.4,32,0.9320054,7.6224117,107.60324,386.1363,3.5953703,56.083336,89.14357,1274.2408,2022-06-02 03:00:00,2022,6,3,35.25
74.4,32,1.3181562,10.920433,117.64523,493.11023,3.7510703,55.470806,82.25295,1274.5686,2022-06-03 03:00:00,2022,6,3,35
74.4,32,0.8260933,6.3412833,100.97729,321.9154,3.0171711,47.32832,69.230705,1274.0011,2022-06-04 03:00:00,2022,6,3,35.7
74.4,32,1.9167928,13.404659,101.93195,425.6383,2.2406218,52.73767,77.47709,1273.8413,2022-06-05 03:00:00,2022,6,3,35.5
74.4,32,1.8679103,16.795681,113.50142,614.14166,9.159932,82.38261,125.00815,1274.7965,2022-06-06 03:00:00,2022,6,3,37
74.4,32,1.4571441,13.552437,117.24791,571.29395,7.4333777,74.58783,116.32391,1273.4749,2022-06-07 03:00:00,2022,6,3,38.15
74.4,32,3.0910172,31.253475,131.4285,900.29584,12.07844,90.34607,141.4551,1274.2391,2022-06-08 03:00:00,2022,6,3,38
74.4,32,2.6631386,26.871576,127.73003,816.6629,10.147157,82.44228,134.42061,1273.5001,2022-06-09 03:00:00,2022,6,3,36.8
74.4,32,2.3557255,15.703107,93.2899,444.68973,2.5591416,51.308308,78.98882,1274.1154,2022-06-10 03:00:00,2022,6,3,36.75
74.4,32,1.6730418,13.60922,110.6943,406.2113,2.31788,45.300255,69.053,1272.3647,2022-06-11 03:00:00,2022,6,3,37
74.4,32,2.2086604,20.869192,124.86713,661.28845,12.294227,76.53969,134.73674,1271.7043,2022-06-12 03:00:00,2022,6,3,35.8
74.4,32,1.6721017,11.818131,98.7757,371.3273,1.4669623,49.641953,75.525826,1271.6887,2022-06-13 03:00:00,2022,6,3,35.7
74.4,32,1.7336227,11.197951,92.305435,354.11124,12.853347,43.507687,78.01145,1268.8636,2022-06-14 03:00:00,2022,6,3,36.25
74.4,32,1.7283305,10.054325,83.995445,304.65378,10.500406,35.093666,65.32066,1268.1506,2022-06-15 03:00:00,2022,6,3,36.4
74.4,32,0.90993166,7.929508,128.20105,311.4923,4.8803463,53.304173,90.407,1266.6757,2022-06-16 03:00:00,2022,6,3,36.45
74.4,32,0.8924886,6.8755593,112.91205,291.46573,5.8812885,64.454254,112.070435,1265.1423,2022-06-17 03:00:00,2022,6,3,31.55
74.4,32,0.64027715,9.8824835,99.67958,339.40103,8.906642,52.034237,86.0669,1265.9955,2022-06-18 03:00:00,2022,6,3,28.25
74.4,32,0.9501797,6.624215,106.944374,287.55154,10.497934,45.208168,69.95657,1265.7101,2022-06-19 03:00:00,2022,6,3,27.15
74.4,32,3.48347,34.641903,120.23612,918.06287,7.7296667,77.412994,114.84769,1271.7183,2022-06-20 03:00:00,2022,6,3,29.5
74.4,32,0.7088833,13.090547,123.75849,424.86945,5.253197,74.05197,114.20065,1268.357,2022-06-21 03:00:00,2022,6,3,28.35
74.4,32,0.4505267,7.5497794,117.8259,295.22766,8.570975,49.087185,87.19217,1265.308,2022-06-22 03:00:00,2022,6,3,25
74.4,32,2.280539,11.518675,86.83413,407.1561,8.049318,38.801945,58.647438,1274.0167,2022-06-23 03:00:00,2022,6,3,28.75
74.4,32,2.8851466,17.355904,95.85633,544.4456,7.114423,56.901596,88.22748,1274.5117,2022-06-24 03:00:00,2022,6,3,30.9
74.4,32,2.3215356,21.43777,134.33304,789.74396,12.205619,79.81739,128.5678,1273.2405,2022-06-25 03:00:00,2022,6,3,32.25
74.4,32,1.8378288,21.823057,152.0837,1032.3414,14.890222,115.55527,172.12628,1272.4745,2022-06-26 03:00:00,2022,6,3,33.85
74.4,32,1.3581953,14.851307,130.32686,712.5945,9.739141,98.87652,146.40253,1272.1959,2022-06-27 03:00:00,2022,6,3,34.6
74.4,32,1.579716,21.57826,149.12991,1133.8142,21.026194,158.97581,239.949,1271.7432,2022-06-28 03:00:00,2022,6,3,35.3
74.4,32,1.0905254,13.479708,131.32973,699.3292,14.49763,123.76721,182.35316,1270.8489,2022-06-29 03:00:00,2022,6,3,37.1
74.4,32,0.56460327,6.52626,131.94025,403.68527,14.052047,73.356895,114.37251,1267.02,2022-06-30 03:00:00,2022,6,3,34.75
74.4,32,1.3454176,8.554356,78.1993,286.25632,7.1045003,23.35901,34.581512,1262.8049,2022-07-01 03:00:00,2022,7,3,29.75
74.4,32,0.9572126,11.638374,108.78191,502.1143,10.541211,36.452366,51.950886,1262.6647,2022-07-02 03:00:00,2022,7,3,28
74.4,32,0.89280194,8.9386635,103.79465,390.60516,14.32769,51.04175,76.28511,1262.8655,2022-07-03 03:00:00,2022,7,3,31.95
74.4,32,1.1995709,9.960765,112.19214,434.67084,9.902501,55.361588,80.02608,1262.1825,2022-07-04 03:00:00,2022,7,3,31.5
74.4,32,0.9791471,11.47442,134.36023,524.22766,13.222437,69.74864,102.904625,1258.087,2022-07-05 03:00:00,2022,7,3,33.5
74.4,32,0.49711132,13.666484,87.914566,436.48483,6.246271,83.14077,121.820755,1260.8877,2022-07-06 03:00:00,2022,7,3,34
74.4,32,0.98983574,11.67725,131.67555,619.66693,7.1114287,107.60138,155.6352,1261.7018,2022-07-07 03:00:00,2022,7,3,29.3
74.4,32,0.13244233,7.005648,117.48421,333.94565,2.7648206,55.767826,81.15525,1256.6498,2022-07-08 03:00:00,2022,7,3,34.35
74.4,32,0.32137457,7.806193,104.90872,343.1819,4.7176833,66.20292,96.93525,1258.1007,2022-07-09 03:00:00,2022,7,3,34.8
74.4,32,0.47782293,9.707372,79.38883,351.51926,8.591691,34.86645,53.613377,1259.8401,2022-07-10 03:00:00,2022,7,3,30.75
74.4,32,0.81108737,7.6321383,113.52511,434.60764,8.975405,64.77279,96.31189,1261.3735,2022-07-11 03:00:00,2022,7,3,31.35
74.4,32,1.5267425,13.950603,109.93809,614.0036,4.104389,79.69682,115.991066,1262.6989,2022-07-12 03:00:00,2022,7,3,32.25
74.4,32,1.2317936,11.4648,107.78741,495.27548,7.394731,87.88857,128.67294,1262.3024,2022-07-13 03:00:00,2022,7,3,32.8
74.4,32,0.42032334,14.521052,99.018005,446.98907,3.6721063,102.18552,151.45998,1260.0594,2022-07-14 03:00:00,2022,7,3,30
74.4,32,0.77902126,17.806276,43.58519,281.9139,0.9553325,19.735542,28.013432,1258.1731,2022-07-15 03:00:00,2022,7,3,27.3
74.4,32,3.7458477,13.748062,52.971264,326.26624,2.2832026,24.495007,35.939636,1261.6627,2022-07-16 03:00:00,2022,7,3,27.05
74.4,32,6.813468,42.39181,25.438341,954.11646,2.9846873,71.84373,103.70136,1267.9944,2022-07-17 03:00:00,2022,7,3,31.4
74.4,32,9.166164,50.930317,20.70442,1063.0135,16.783756,67.56996,96.955025,1265.886,2022-07-18 03:00:00,2022,7,3,30.2
74.4,32,2.488168,19.501377,111.969025,616.5864,16.684633,73.581665,106.42764,1259.4211,2022-07-19 03:00:00,2022,7,3,33
74.4,32,1.5563889,15.305566,107.02229,597.39355,8.50827,74.40916,108.16736,1259.8785,2022-07-20 03:00:00,2022,7,3,34.25
74.4,32,0.4689447,12.21289,60.208614,256.65826,3.0501425,12.364382,17.97344,1258.2882,2022-07-21 03:00:00,2022,7,3,28.5
74.4,32,1.5662941,11.798111,63.91005,350.57803,13.111302,40.51868,64.64884,1260.3986,2022-07-22 03:00:00,2022,7,3,26.05
74.4,32,0.62662905,11.507873,79.62769,378.6846,9.690585,49.97922,74.76181,1260.235,2022-07-23 03:00:00,2022,7,3,29.85
74.4,32,2.1729732,16.536036,60.71901,454.25916,3.0454772,46.67283,67.16956,1262.7661,2022-07-24 03:00:00,2022,7,3,28.75
74.4,32,1.1882643,13.492087,46.632217,262.48172,1.2516565,32.117752,45.61141,1257.8085,2022-07-25 03:00:00,2022,7,3,31.15
74.4,32,1.9623154,12.062334,85.87265,369.9115,3.845841,36.250202,51.89817,1257.5392,2022-07-26 03:00:00,2022,7,3,30.4
74.4,32,0.99086285,10.165978,84.81507,361.83255,11.357382,53.819214,77.68306,1258.6368,2022-07-27 03:00:00,2022,7,3,30.75
74.4,32,0.8065177,12.263951,70.69419,339.8011,7.0326385,34.14714,53.140705,1260.1328,2022-07-28 03:00:00,2022,7,3,31.1
74.4,32,0.33880028,10.565226,64.18621,261.44528,3.7698016,10.825384,16.495823,1257.1384,2022-07-29 03:00:00,2022,7,3,29.6
74.4,32,1.6476779,9.660534,63.838135,286.38373,5.3048306,21.69798,35.850506,1258.6781,2022-07-30 03:00:00,2022,7,3,28.9
74.4,32,0.61113566,10.470537,60.95801,254.1887,2.6609278,9.197918,13.178499,1256.703,2022-07-31 03:00:00,2022,7,3,30.1
74.4,32,2.0817537,11.883135,61.73377,334.39487,10.033098,35.88268,54.633923,1262.8748,2022-08-01 03:00:00,2022,8,3,27.85
74.4,32,4.0719223,30.812317,107.21087,870.2178,24.676888,83.712395,121.010506,1265.6003,2022-08-02 03:00:00,2022,8,3,30.4
74.4,32,7.497144,56.50009,89.64106,1446.9376,15.762169,102.04674,148.17622,1266.2294,2022-08-03 03:00:00,2022,8,3,32.15
74.4,32,0.9126648,11.865179,109.34977,461.37198,7.6509986,38.049316,56.17727,1261.1617,2022-08-04 03:00:00,2022,8,3,31.25
74.4,32,1.3776926,10.527458,76.740555,405.13818,10.386783,49.04478,72.31365,1264.0975,2022-08-05 03:00:00,2022,8,3,31.6
74.4,32,1.465622,17.945011,55.952023,438.15298,3.3436465,40.585007,57.783848,1262.049,2022-08-06 03:00:00,2022,8,3,27.8
74.4,32,1.0251572,29.955011,81.36969,926.28656,15.7277,78.692184,112.85242,1260.5791,2022-08-07 03:00:00,2022,8,3,28.8
74.4,32,0.9330673,9.82673,90.312096,439.17743,13.563013,45.746925,68.96612,1260.9655,2022-08-08 03:00:00,2022,8,3,30
74.4,32,2.4164805,20.706184,109.734886,769.0193,8.009767,65.55644,94.37247,1261.424,2022-08-09 03:00:00,2022,8,3,31.85
74.4,32,1.9181855,15.8677225,104.54829,629.646,7.9622593,78.90032,113.5085,1263.0226,2022-08-10 03:00:00,2022,8,3,31.3
74.4,32,0.29110155,13.807539,76.91088,384.75757,3.7270467,33.08078,47.4319,1257.5261,2022-08-11 03:00:00,2022,8,3,33.45
74.4,32,6.2631917,19.083838,37.4066,472.60352,2.04638,33.16042,48.03968,1267.5723,2022-08-12 03:00:00,2022,8,3,29.6
74.4,32,4.2434115,33.27277,52.19085,777.36676,10.666656,60.964275,88.614914,1265.6713,2022-08-13 03:00:00,2022,8,3,32.8
74.4,32,2.304197,18.546638,98.96243,625.9291,17.79685,67.19978,103.17773,1265.2625,2022-08-14 03:00:00,2022,8,3,33.25
74.4,32,1.1653985,11.798616,68.340996,364.5498,10.62787,37.75898,57.29043,1263.2751,2022-08-15 03:00:00,2022,8,3,31.5
74.4,32,4.307979,19.686245,52.064186,522.15314,3.6287217,43.992382,63.641693,1265.1425,2022-08-16 03:00:00,2022,8,3,28.8
74.4,32,1.6533356,11.142579,66.48952,312.01556,13.944638,35.808346,55.075813,1261.1191,2022-08-17 03:00:00,2022,8,3,31.5
74.4,32,2.267239,12.692411,78.83066,407.35086,12.807876,49.395832,73.18114,1264.1764,2022-08-18 03:00:00,2022,8,3,30.7
74.4,32,3.5685616,19.896692,73.91112,564.49457,21.592207,41.145977,66.68855,1266.2379,2022-08-19 03:00:00,2022,8,3,31.2
74.4,32,4.6016746,26.896837,70.87268,703.8625,11.6580925,38.18336,58.496895,1262.8257,2022-08-20 03:00:00,2022,8,3,31.15
74.4,32,1.5566499,10.841466,94.11826,410.76105,3.7452211,41.756447,64.07312,1264.5481,2022-08-21 03:00:00,2022,8,3,29.75
74.4,32,3.6245468,22.906633,76.98245,697.8388,6.469132,75.148834,118.612335,1269.2943,2022-08-22 03:00:00,2022,8,3,31.85
74.4,32,2.1251874,13.925472,81.27719,535.9513,10.876495,59.549896,87.826965,1267.4333,2022-08-23 03:00:00,2022,8,3,32.25
74.4,32,1.3639053,9.324564,75.047104,319.84402,16.634811,34.958576,59.37427,1262.3268,2022-08-24 03:00:00,2022,8,3,31.55
74.4,32,1.3528684,9.489038,79.36907,336.15363,11.612169,28.800577,43.107838,1261.2872,2022-08-25 03:00:00,2022,8,3,30
74.4,32,1.8780767,14.199548,91.07216,548.8425,8.411062,60.453728,89.67029,1266.1212,2022-08-26 03:00:00,2022,8,3,30.4
74.4,32,2.3733428,20.291128,107.16314,671.2724,16.408539,65.41565,100.715775,1263.9474,2022-08-27 03:00:00,2022,8,3,30.75
74.4,32,4.505964,30.86456,86.2242,883.02026,16.26847,78.24542,119.12108,1269.47,2022-08-28 03:00:00,2022,8,3,31
74.4,32,0.82470065,9.0029,83.956856,374.25577,5.2142067,26.380812,40.93972,1263.4297,2022-08-29 03:00:00,2022,8,3,29.75
74.4,32,1.1772883,9.660608,92.7357,371.1277,7.873146,34.618103,52.219044,1263.6729,2022-08-30 03:00:00,2022,8,3,30.5
74.4,32,3.1850743,35.544758,122.56903,1375.9913,20.063898,113.4585,164.01875,1266.9318,2022-08-31 03:00:00,2022,8,3,31
74.4,32,7.3666344,54.682076,93.57185,1692.9539,13.327758,92.623146,135.70938,1274.9542,2022-09-01 03:00:00,2022,9,3,32.75
74.4,32,2.5528746,24.292887,104.00285,961.02325,7.059716,68.866806,103.79245,1274.5084,2022-09-02 03:00:00,2022,9,3,32.3
74.4,32,0.59372735,5.5824337,103.556694,476.21457,6.1436434,52.66964,80.38079,1273.0188,2022-09-03 03:00:00,2022,9,3,31.8
74.4,32,1.0967923,8.364867,89.3456,483.58142,8.687575,56.62759,86.80585,1274.7517,2022-09-04 03:00:00,2022,9,3,32
74.4,32,0.87716925,10.554986,87.314644,395.91388,2.0472157,36.15007,54.59827,1272.5464,2022-09-05 03:00:00,2022,9,3,31.15
74.4,32,2.1195645,17.027637,87.77719,640.1954,5.2319593,76.61447,117.51074,1275.3672,2022-09-06 03:00:00,2022,9,3,29.2
74.4,32,2.5719366,24.866032,106.53639,980.78906,7.3330016,90.62564,146.41437,1275.921,2022-09-07 03:00:00,2022,9,3,31
74.4,32,4.318981,45.703163,116.40547,1546.0717,16.158312,123.74904,187.77788,1276.2736,2022-09-08 03:00:00,2022,9,3,32.5
74.4,32,1.3761955,13.040485,88.68751,663.05176,6.574348,78.28992,115.81475,1277.0503,2022-09-09 03:00:00,2022,9,3,31.8
74.4,32,0.66799116,8.526231,112.081276,415.89404,2.5973876,52.892048,78.031784,1270.4941,2022-09-10 03:00:00,2022,9,3,31.85
74.4,32,0.68268377,11.134834,86.23081,537.5876,4.8129764,64.44583,93.90384,1273.1432,2022-09-11 03:00:00,2022,9,3,31.4
74.4,32,2.0780284,18.283077,88.538055,808.4483,5.9724593,85.97498,123.59278,1275.542,2022-09-12 03:00:00,2022,9,3,29.25
74.4,32,2.4901524,24.89258,101.48934,1079.0847,7.4332037,94.3357,136.93033,1275.8945,2022-09-13 03:00:00,2022,9,3,30.25
74.4,32,1.5058873,14.122396,91.083694,681.45154,6.639594,71.56154,102.775246,1275.4235,2022-09-14 03:00:00,2022,9,3,31.45
74.4,32,1.2611963,13.240596,105.45296,760.6276,7.936756,78.34646,113.46937,1275.4982,2022-09-15 03:00:00,2022,9,3,31.15
74.4,32,1.5879326,15.893487,94.82386,838.38165,10.892198,91.57401,133.90602,1277.5458,2022-09-16 03:00:00,2022,9,3,29.85
74.4,32,1.3652631,12.977002,89.03968,668.45355,7.188373,86.84818,127.93873,1276.4027,2022-09-17 03:00:00,2022,9,3,30.35
74.4,32,2.5047405,22.508358,87.63803,1082.4425,7.5464272,118.56213,173.73746,1278.6431,2022-09-18 03:00:00,2022,9,3,30.25
74.4,32,11.889936,68.21409,77.110214,2007.9796,11.654894,120.35961,174.6009,1278.4756,2022-09-19 03:00:00,2022,9,3,31.6
74.4,32,1.8794694,20.52627,67.61301,906.49414,10.173792,94.00928,137.2593,1279.0127,2022-09-20 03:00:00,2022,9,3,31
74.4,32,1.4389699,16.254221,96.06419,944.1411,10.330919,114.05018,167.77477,1276.9684,2022-09-21 03:00:00,2022,9,3,30.15
74.4,32,1.7393326,11.586259,72.06146,475.88724,9.56377,51.265137,73.82323,1268.0587,2022-09-22 03:00:00,2022,9,3,29.5
74.4,32,2.2095306,12.657463,69.23683,458.6376,8.692729,39.31354,57.080276,1267.7738,2022-09-23 03:00:00,2022,9,3,30
74.4,32,0.6468575,14.923501,68.34097,377.26157,1.637703,21.973032,31.383957,1267.859,2022-09-24 03:00:00,2022,9,3,27.25
74.4,32,1.5699847,9.340277,67.10259,317.90964,2.7010365,20.493607,29.245943,1266.607,2022-09-25 03:00:00,2022,9,3,25.5
74.4,32,1.8984792,10.798695,63.51682,484.26154,5.546005,32.876938,49.013283,1274.7002,2022-09-26 03:00:00,2022,9,3,26.5
74.4,32,14.5320635,87.7607,66.59505,2469.0632,24.571115,123.960724,179.37648,1276.7843,2022-09-27 03:00:00,2022,9,3,28.25
74.4,32,4.5515733,44.21838,100.08867,2098.2773,20.813847,133.70358,193.31398,1278.4182,2022-09-28 03:00:00,2022,9,3,28.5
74.4,32,2.7942057,28.304352,86.30734,1725.5354,16.843573,142.56255,207.43477,1279.3605,2022-09-29 03:00:00,2022,9,3,29.1
74.4,32,2.9122689,27.155859,85.65155,1521.8567,14.45571,129.98456,191.30688,1278.9756,2022-09-30 03:00:00,2022,9,3,29.6
74.4,32,4.028837,28.683798,71.78886,1242.781,11.007823,113.58719,166.71857,1283.2524,2022-10-01 03:00:00,2022,10,3,30.1
74.4,32,2.4314516,16.009125,65.864784,836.63684,8.732768,104.39805,152.50114,1285.183,2022-10-02 03:00:00,2022,10,3,30.35
74.4,32,3.8068812,33.81122,91.27177,1409.5878,15.601072,125.018486,181.8947,1283.0508,2022-10-03 03:00:00,2022,10,3,30.3
74.4,32,3.5636177,25.13955,71.31265,1272.505,20.151287,136.68619,198.76265,1286.0043,2022-10-04 03:00:00,2022,10,3,29.75
74.4,32,3.1921942,24.235224,78.33789,1198.3971,14.682048,117.18096,170.44116,1284.6417,2022-10-05 03:00:00,2022,10,3,30.4
74.4,32,1.4223275,9.79714,65.6721,561.64075,14.662452,78.4671,115.423134,1283.9958,2022-10-06 03:00:00,2022,10,3,30.3
74.4,32,0.8899818,7.4180336,69.28305,637.3003,15.975873,107.6746,156.2293,1285.4474,2022-10-07 03:00:00,2022,10,3,29.95
74.4,32,0.68936855,5.5478992,70.23577,495.80182,14.034326,80.2339,117.631905,1283.3439,2022-10-08 03:00:00,2022,10,3,28.6
74.4,32,2.011285,12.421654,56.874752,554.21075,10.731658,75.92684,115.32593,1282.0262,2022-10-09 03:00:00,2022,10,3,27.95
74.4,32,0.6554572,8.601516,82.49016,392.42474,6.5718412,49.72715,74.159904,1274.3654,2022-10-10 03:00:00,2022,10,3,27.35
74.4,32,0.43360585,4.925232,90.27896,294.61655,3.3296154,18.977934,27.499817,1271.7642,2022-10-11 03:00:00,2022,10,3,25.2
74.4,32,3.20438,19.475672,66.14488,721.0199,5.554709,57.977818,83.10026,1279.5082,2022-10-12 03:00:00,2022,10,3,24.2
74.4,32,18.446041,87.71748,52.084846,2515.2405,34.8159,159.64084,229.43468,1285.3093,2022-10-13 03:00:00,2022,10,3,26
74.4,32,10.78827,60.15421,61.969948,1943.0375,21.911615,154.46594,223.87827,1285.0424,2022-10-14 03:00:00,2022,10,3,26.5
74.4,32,16.37508,81.59508,49.536903,2560.3472,27.356583,177.772,257.1534,1286.616,2022-10-15 03:00:00,2022,10,3,26.6
74.4,32,2.3331296,17.659233,69.10422,1036.6853,13.55953,124.278465,179.19852,1286.7703,2022-10-16 03:00:00,2022,10,3,26.2
74.4,32,4.7869334,33.034634,65.49615,1725.3124,21.390932,168.43651,242.77168,1287.0924,2022-10-17 03:00:00,2022,10,3,26.45
74.4,32,1.7576113,14.131632,65.18233,1120.6179,13.782601,145.12825,208.95251,1286.7429,2022-10-18 03:00:00,2022,10,3,26
74.4,32,2.4593747,16.253857,55.581005,857.4524,6.3388834,101.044716,145.75674,1286.5239,2022-10-19 03:00:00,2022,10,3,26.25
74.4,32,0.14024124,4.5959873,114.58982,252.56421,2.9842696,39.114216,60.941296,1274.9225,2022-10-20 03:00:00,2022,10,3,26
74.4,32,2.9009187,14.475281,47.65624,575.85114,2.3697567,53.08493,79.26541,1284.8951,2022-10-21 03:00:00,2022,10,3,22.5
74.4,32,2.0842955,12.193067,53.106304,720.0912,8.186844,115.379776,169.25716,1286.5815,2022-10-22 03:00:00,2022,10,3,23.3
74.4,32,4.5234413,29.569233,61.69573,1387.4208,21.498411,167.33148,242.3132,1286.3657,2022-10-23 03:00:00,2022,10,3,23.3
74.4,32,3.0176935,23.300978,76.49915,1200.9983,27.367027,143.5058,206.12875,1286.4578,2022-10-24 03:00:00,2022,10,3,23.75
74.4,32,2.4736145,18.896368,71.624626,1114.3427,44.925312,155.34085,222.79918,1286.2256,2022-10-25 03:00:00,2022,10,3,23.75
74.4,32,2.0286932,17.143682,73.06959,1157.981,14.989066,170.2874,244.89296,1286.8209,2022-10-26 03:00:00,2022,10,3,24.75
74.4,32,1.1194232,7.8877363,50.183247,845.60614,8.251011,164.48822,236.73515,1288.0386,2022-10-27 03:00:00,2022,10,3,24.7
74.4,32,1.1107886,10.96535,70.557014,1442.2119,27.216793,262.66473,377.97675,1287.3159,2022-10-28 03:00:00,2022,10,3,23.9
74.4,32,0.955054,7.7387257,59.23635,1272.6047,15.465114,227.88812,328.17148,1287.6251,2022-10-29 03:00:00,2022,10,3,25.1
74.4,32,0.69883865,21.12783,62.378193,1182.6451,13.68132,162.83714,236.19495,1286.9077,2022-10-30 03:00:00,2022,10,3,24.65
74.4,32,2.666812,21.868916,61.75399,1284.083,14.472876,180.38728,261.85004,1287.4227,2022-10-31 03:00:00,2022,10,3,25.15
74.4,32,1.751971,16.977903,68.218895,1032.4894,12.140024,156.71854,226.38196,1291.6486,2022-11-01 03:00:00,2022,11,3,24.5
74.4,32,5.218729,21.501644,36.732624,831.7986,2.848067,73.50062,107.866264,1292.2571,2022-11-02 03:00:00,2022,11,3,23.8
74.4,32,1.3978863,10.587065,52.14283,638.90924,17.542654,109.95094,161.15988,1293.0961,2022-11-03 03:00:00,2022,11,3,24.7
74.4,32,1.1261775,10.184478,52.318165,1064.4364,12.356375,166.67458,242.6586,1294.0156,2022-11-04 03:00:00,2022,11,3,24.9
74.4,32,0.8253622,8.952539,60.35283,1064.9913,11.009181,180.9722,263.0104,1293.6061,2022-11-05 03:00:00,2022,11,3,24.25
74.4,32,0.23278375,3.5199902,88.66025,229.15195,5.3850827,53.242302,82.3223,1277.4583,2022-11-06 03:00:00,2022,11,3,22.6
74.4,32,2.4436374,13.9514,32.324886,758.84796,12.70736,123.868256,181.71533,1293.2448,2022-11-07 03:00:00,2022,11,3,22.8
74.4,32,1.7615455,9.222747,40.138702,505.90704,7.0375824,78.93472,115.98272,1290.8169,2022-11-08 03:00:00,2022,11,3,22.7
74.4,32,0.8855949,12.1031685,76.40585,493.13843,3.0589511,72.12195,105.103775,1281.3627,2022-11-09 03:00:00,2022,11,3,22.85
74.4,32,1.2433006,10.552858,61.010796,446.9412,2.1889193,52.39438,76.91237,1282.6448,2022-11-10 03:00:00,2022,11,3,20.9
74.4,32,6.5480266,25.062195,33.036823,937.123,7.108295,85.17587,123.412994,1292.1456,2022-11-11 03:00:00,2022,11,3,21.3
74.4,32,2.0402524,11.874159,48.03426,730.05206,18.63398,124.08083,178.9875,1291.5885,2022-11-12 03:00:00,2022,11,3,21
74.4,32,1.5298412,9.85785,47.71496,723.33325,17.017447,113.147255,162.4498,1292.8595,2022-11-13 03:00:00,2022,11,3,21.25
74.4,32,0.080844134,2.810314,89.21669,196.01323,2.2304902,40.93812,65.58896,1280.686,2022-11-14 03:00:00,2022,11,3,21.15
74.4,32,3.6021945,17.591513,32.84915,672.4658,10.924333,96.34182,141.61891,1292.3627,2022-11-15 03:00:00,2022,11,3,17.15
74.4,32,2.9378242,15.628432,43.186047,781.7132,10.680757,97.62838,141.20079,1293.4937,2022-11-16 03:00:00,2022,11,3,18.45
74.4,32,1.1028504,10.871913,69.61709,815.3774,10.227444,92.47037,135.01653,1290.6604,2022-11-17 03:00:00,2022,11,3,18.5
74.4,32,2.6706417,19.987587,45.194553,1028.2797,11.480076,94.99528,137.57402,1293.2198,2022-11-18 03:00:00,2022,11,3,18.85
74.4,32,1.0203351,11.471363,54.058556,1168.4789,19.881319,165.67522,237.17543,1292.8195,2022-11-19 03:00:00,2022,11,3,18.55
74.4,32,0.9208293,7.6659675,55.46675,789.43506,12.030248,98.76409,142.73969,1292.5516,2022-11-20 03:00:00,2022,11,3,18.65
74.4,32,2.281044,12.943087,43.75572,784.1769,21.418472,129.59245,187.27962,1293.1499,2022-11-21 03:00:00,2022,11,3,18.25
74.4,32,4.626429,20.942074,44.771736,1074.7037,18.122038,138.11707,198.38747,1294.0325,2022-11-22 03:00:00,2022,11,3,18.95
74.4,32,22.193003,53.794617,25.048172,2155.9075,17.410177,190.99966,274.03375,1294.5054,2022-11-23 03:00:00,2022,11,3,18.4
74.4,32,24.817825,64.085594,30.99906,2296.1797,26.813374,201.72377,288.82486,1294.2523,2022-11-24 03:00:00,2022,11,3,19.15
74.4,32,1.8578831,16.1696,44.054237,1476.0815,12.024522,176.45135,252.64429,1294.3702,2022-11-25 03:00:00,2022,11,3,18.75
74.4,32,1.5260113,15.000151,75.56267,1053.3215,18.722553,150.88437,216.15956,1293.3812,2022-11-26 03:00:00,2022,11,3,18.75
74.4,32,6.0972214,28.710346,44.439304,1292.4757,19.92766,206.51729,295.44528,1294.8323,2022-11-27 03:00:00,2022,11,3,17.75
74.4,32,36.21142,79.24223,24.03025,3237.2097,23.525293,289.2382,413.57773,1294.5791,2022-11-28 03:00:00,2022,11,3,17.05
74.4,32,24.434494,55.956215,47.68397,2545.4001,18.40816,194.19666,277.9718,1294.1724,2022-11-29 03:00:00,2022,11,3,17
74.4,32,29.290644,78.76923,39.723297,3252.2988,22.227192,264.73108,379.5034,1294.5604,2022-11-30 03:00:00,2022,11,3,16.95
74.4,32,18.395555,65.6528,39.728622,2779.2407,16.537569,216.14142,309.6638,1297.645,2022-12-01 03:00:00,2022,12,3,17.7
74.4,32,9.599771,66.96578,33.504322,2983.4812,12.751438,221.42574,317.38,1297.8387,2022-12-02 03:00:00,2022,12,3,17.9
74.4,32,10.882762,62.35907,30.45623,2894.4038,12.091246,220.30188,315.60214,1298.2688,2022-12-03 03:00:00,2022,12,3,17.25
74.4,32,12.917375,56.927036,30.309256,2349.2498,13.684662,187.64522,268.85022,1298.1486,2022-12-04 03:00:00,2022,12,3,17.4
74.4,32,30.578789,80.39705,28.632349,3384.2427,14.459401,215.53897,308.37228,1297.2512,2022-12-05 03:00:00,2022,12,3,16.85
74.4,32,3.0149777,33.169827,39.51558,1427.8088,10.130515,114.381996,164.25583,1296.0496,2022-12-06 03:00:00,2022,12,3,17.15
74.4,32,2.7732112,20.373451,45.31298,1010.2269,7.304104,89.49467,129.09854,1295.7817,2022-12-07 03:00:00,2022,12,3,17.25
74.4,32,11.448254,53.349373,22.588518,2281.8599,11.663141,201.93669,290.3042,1299.0598,2022-12-08 03:00:00,2022,12,3,17.65
74.4,32,2.1444237,17.673399,45.815086,820.42413,3.2996383,85.71899,126.04338,1292.8577,2022-12-09 03:00:00,2022,12,3,17.7
74.4,32,4.1473527,26.194632,31.618793,774.9803,3.1219344,53.849155,80.08625,1291.1533,2022-12-10 03:00:00,2022,12,3,18.65
74.4,32,5.0609403,21.28234,24.703905,763.828,3.9292614,58.351707,85.127686,1294.491,2022-12-11 03:00:00,2022,12,3,17.5
74.4,32,7.860055,28.85665,21.419064,1279.0085,6.9202857,98.46954,142.14948,1296.8966,2022-12-12 03:00:00,2022,12,3,17.9
74.4,32,5.394901,28.216375,28.639643,1082.2566,5.2722073,73.09507,105.30001,1295.435,2022-12-13 03:00:00,2022,12,3,18.65
74.4,32,7.661043,29.04995,23.362562,1068.2983,6.3479705,65.84222,95.43229,1296.1584,2022-12-14 03:00:00,2022,12,3,17.5
74.4,32,12.326606,47.46199,29.592363,2053.4868,9.488044,126.2355,181.84067,1297.7391,2022-12-15 03:00:00,2022,12,3,16.4
74.4,32,27.309162,62.934074,14.356849,2515.3245,14.225886,150.32405,217.15862,1298.8511,2022-12-16 03:00:00,2022,12,3,17
74.4,32,49.15574,166.67899,20.73001,6658.604,31.812618,323.66605,463.58408,1298.9465,2022-12-17 03:00:00,2022,12,3,15.6
74.4,32,66.62838,176.21281,14.130693,6866.074,38.95364,310.84985,444.90677,1298.81,2022-12-18 03:00:00,2022,12,3,16.15
74.4,32,38.51551,147.92195,22.951586,6606.1606,26.266996,363.35492,520.10364,1298.8049,2022-12-19 03:00:00,2022,12,3,15.35
74.4,32,48.779163,102.55988,20.845879,4279.289,25.109728,281.36404,402.7333,1298.7156,2022-12-20 03:00:00,2022,12,3,14.3
74.4,32,32.204514,95.8851,14.120427,4815.6357,14.121541,318.9911,456.1899,1299.0194,2022-12-21 03:00:00,2022,12,3,13.4
74.4,32,20.08437,104.77063,26.515587,5214.8833,16.081228,291.15698,416.2282,1297.8163,2022-12-22 03:00:00,2022,12,3,12.5
74.4,32,19.41067,104.31177,31.814743,5031.2363,16.122728,263.42868,376.51834,1297.7201,2022-12-23 03:00:00,2022,12,3,11.1
74.4,32,8.227092,57.961086,31.306427,4003.126,10.192239,235.4461,336.63385,1297.3462,2022-12-24 03:00:00,2022,12,3,9.6
74.4,32,10.697329,46.35856,20.87206,2367.4358,9.449432,144.95805,208.7163,1298.6173,2022-12-25 03:00:00,2022,12,3,9.5
74.4,32,47.880894,136.33891,10.757631,5656.5903,29.15552,278.58694,398.44406,1298.8562,2022-12-26 03:00:00,2022,12,3,9.75
74.4,32,4.0220127,42.639866,48.765934,2546.7068,10.181161,162.32234,232.28517,1297.5281,2022-12-27 03:00:00,2022,12,3,10
74.4,32,4.8541293,51.527298,11.579303,2410.7678,9.9270115,149.39418,215.06294,1298.4381,2022-12-28 03:00:00,2022,12,3,10.1
74.4,32,40.752686,130.80118,8.215846,5802.509,19.771927,270.94403,388.72144,1298.6265,2022-12-29 03:00:00,2022,12,3,12.35
74.4,32,10.334122,35.75523,15.38991,1525.2437,3.0087805,108.827065,160.29198,1297.0947,2022-12-30 03:00:00,2022,12,3,11.65
74.4,32,7.0793276,29.665636,21.364193,1318.1708,6.9728584,82.48852,118.50288,1296.6884,2022-12-31 03:00:00,2022,12,3,13
